Time,V1,V2,V3,V4,V5,V6,V7,V8,V9,V10,V11,V12,V13,V14,V15,V16,V17,V18,V19,V20,V21,V22,V23,V24,V25,V26,V27,V28,Amount
-1.2297576210408503,0.987338132059133,-0.675308272594103,-1.04618009824165,-0.395149273077695,1.65821916095088,3.50802188555838,-0.582692315159673,0.838639060809902,0.150577056516634,-0.0797336322657531,-0.123460265128938,0.0358341422963031,0.130920909189354,0.286569901640909,1.36566254625684,0.760398843549821,-0.970782434990631,0.355525853296915,0.0076584607026416,0.354624933161745,0.0519245071435661,-0.326814696504261,-0.17847402803007,1.0417348752098,0.438378008289818,0.345097396035386,-0.0436253390438819,0.0409352082619376,0.30246651921764
-0.9052275645372799,1.27620890981097,0.383554862452815,0.208419596256658,0.902671701764351,0.0927301333408519,-0.390743054763166,0.166995800915758,-0.176248267795479,-0.0445449633951415,-0.0504509803096604,-0.902346892953353,0.510148141614659,1.15843832635385,0.0976347100012612,0.995096935471803,0.430113595803724,-0.841423412583906,-0.180760463308595,0.0186633049867862,-0.0386011016311767,-0.270348513534911,-0.748067835153377,-0.0182561582084434,-0.478668362850808,0.510824687534585,-0.582269469991852,0.0285840008759444,0.0243920241340069,-0.31343051934361343
1.4398806664679469,-1.05813273427282,-0.13685174360032,-0.910579490391146,-1.26500002922853,-1.74909147164104,0.115567235113269,3.31135040963042,-1.63901997584946,-1.86209002795634,-0.261653902848413,-1.26818741600377,-0.81498109378042,-0.329373999957427,0.410117704783338,-0.755047224315376,-1.9133209001503,0.113200847246746,0.836161470227296,-0.771245214096763,-0.653123027140254,0.509068793115596,-0.30568439943493,0.113176414627536,0.0894132791337711,0.471604501581715,0.846937384644072,0.314602155760829,-0.0502893839271819,2.0088232023071666
-0.18731880757464775,-0.290191917557776,1.15271275529617,0.951343305960983,-0.139174250151117,0.491029075398636,-0.474609010685572,0.769252139712391,-0.0669131846160854,-0.460929730739802,-0.539056416212743,-0.825790553943163,0.0671524028792145,1.06462230121237,-0.638079287899044,0.86788464708262,0.590995888373586,-0.342721837230115,0.0393659036018714,0.218368966360863,0.204456587814611,-0.306458521814622,-0.77865001738179,-0.114845028756355,-0.485615975632372,-0.0192610073044026,0.121067129031729,0.247803903912871,0.0918925822661019,-0.3174241455825011
-1.8386963921283788,-0.680392148176535,0.771942042530471,1.28808486002124,2.0276186369084,0.971211904137873,-0.133491942480256,0.180972723194419,0.250591933145359,0.686420538995023,-0.603908741570588,1.07205934374489,-3.10076734498966,-0.398052825605348,0.540223707234922,-2.72719625184649,0.925789932153849,0.906978614595348,1.1800301423563,-1.11550665606333,-0.223079701088862,-0.0946990266028757,-0.10876713333123,-0.0469422845401878,-0.202750739925502,-0.528246152871667,-0.225556083672923,0.129102348846941,0.198958322354085,-0.3230551585793327
1.5551057906895729,-2.47234888599992,-4.07879932081388,0.737230013493319,0.348197402346574,3.68425946204408,-3.42132959200063,-2.15335189050336,0.0915494214656332,1.23709358631461,0.0433509760241571,-1.37552789452508,-0.304752950987857,-0.862314208993727,0.0323408228577704,0.0827981902439717,0.582190359874697,-1.08537878290244,0.462949934492564,-1.29721320379363,0.83477423665526,0.72577951224737,1.07908378657982,1.10529949499625,0.0252111043275112,-1.9861486658105,-0.120798925981125,0.0249598833359012,0.221813581828828,-0.1736136647201568
0.47012361203826997,1.0655591996122,-2.18244608390319,-1.15770485600406,0.846164793627801,0.820052580334753,4.99901453155411,-1.38418765007017,1.28993055849448,1.78323330374503,-0.219944299969551,-0.757414038605759,0.6555181728411,-0.020364962429214,-0.610356535129309,-0.102871543848482,0.166039239981963,-0.469839535367505,0.324293866836121,-0.707901555364639,0.649625507335842,0.421099264519325,0.595142097800511,-0.167242452192241,0.730613025132088,-0.316811223150756,-0.544986254907646,0.0609968947504219,0.0476730473779803,1.3077820523328283
-0.6044754581792435,1.2550833104993,-0.74655047265066,0.154636759891196,-0.659985976734834,-0.616332369725787,0.117204667674311,-0.55538743880785,0.0642427971186433,-0.81281332330359,0.603317372157439,1.0744169540177,0.485881473554229,0.314859301915876,-0.263986562648662,-1.02379649230989,0.459282224344127,0.609550479781953,-1.63374213915825,0.974931303524102,0.145181052189064,0.141271706349715,0.431270951887839,-0.170736945951388,-0.240450605179582,0.623296541683799,-0.119476847375752,0.0119243140990504,0.0001741805829673,-0.1348754902029466
-0.30987318480836024,1.23533384962866,0.685247604725991,-0.46751978421737,1.12519684202661,0.574143586996273,-0.393955331496194,0.282037564129406,-0.133552633433392,-0.214140233637243,-0.641237421687863,-0.0314665066341438,0.435199456660254,1.13804614399114,-1.27429367847617,1.23005584765296,0.317060941338952,0.693587777390997,0.0581104050518286,-0.746119970724572,-0.0497962443211072,-0.0471094047009314,0.0263608429173391,-0.169287932040841,-0.542990311345648,0.727351147640616,-0.268196644651618,0.0548286104664042,0.0447417786926463,-0.3493332192312134
-1.8415396368313433,-0.0972208826277421,0.465379594483033,1.85643971464783,2.01548644800889,0.194877834231181,0.791686840869837,-0.631286439373742,0.205633358858153,0.990566878951323,-0.0332610884660219,1.36209738971014,-1.50386478357168,3.07646832750835,1.19010418685183,0.12088367667978,-0.392132779291832,0.523251473906257,1.59544453702292,2.3622881758297,0.34230215842688,0.178907870916043,0.977182514090723,-0.0851981035265546,-0.512893525704043,-0.864514664584561,-0.0763720585052961,0.286026698630625,0.217079056766867,-0.3292852155119974
0.6138233054332898,2.0532201470561,-0.0852658756774258,-1.23515400535807,0.184860728056843,0.180897180879554,-0.607363822796772,0.0980373672744172,-0.17957895885839,0.255390083360897,0.231397682809567,0.598319718116009,1.17769188476479,0.452945473382371,0.365796748628353,-0.668449830676777,0.211746696970689,-0.734172731724105,-0.266822476748203,0.612431756940589,-0.17291319931483,-0.264382294642489,-0.64232997583979,0.264248145893095,-0.481988255040132,-0.251759915637176,0.206686989632558,-0.0726234030511524,-0.0741051217057704,-0.3461782545024921
1.1392128043974057,-0.936939948519664,-0.0415409779378402,2.27913824467446,-0.794476020344337,-0.194294121385427,-0.0748106436602931,0.0384377399505318,0.347426268729668,0.146279476260874,-0.920365815481742,0.686881363101719,0.481331047348626,-0.447706601553989,-0.157352788703614,-0.440816359789586,0.992339874101583,-1.04147123674852,0.581630712960272,-0.841562344872964,0.0500998827030467,0.117438367006325,0.0833155960871273,-0.0765186351650319,-0.0016214939328901,0.400081785230827,0.191937082830554,-0.108038529510681,-0.056720216172137,-0.09050630268890479
-0.6654472612539295,1.30171889802605,0.0048529643190698,0.170343279648904,0.648367697106995,-0.227181968611616,-0.256503461836585,-0.114635916050711,-0.0241308650364341,0.672869072101927,-0.160424767602147,-1.58315421927347,-0.33181610714646,-0.886032777441524,0.0768600649281903,-0.0409588523368373,0.0080177065843167,-0.216373046534597,-0.319073344080527,0.543418496784959,-0.168258947036873,-0.30223709175788,-0.718475364210941,-0.0734600197448959,-0.438453870228439,0.534651730281765,0.324770945769354,-0.0288602970616253,0.0013075244578084,-0.3493332192312134
1.4140387312787794,-0.698860415931118,0.462848796049797,0.525187105600993,-0.5237302311192,1.01804570209803,-1.41222086593113,0.74966169573009,-0.269153982117032,-0.171983242936379,-0.355713076144027,-0.71189542253635,0.703198795886515,1.06150681402648,-0.123352544584064,-0.448199690167594,-0.147524871623864,-0.45508657139495,-0.891629667666481,-0.0679835147548056,0.0315236774409481,-0.261184857269366,-0.611432340545475,-0.0384639094029603,0.0782950719871761,-0.137243217709169,0.17627723611877,0.107638790670092,0.119855550976363,-0.3254113980602764
-0.21457183457936058,-0.77667559765703,-0.071756990376889,1.97917330901508,0.540659693155363,0.558982140545364,1.01025839598246,0.533624608523582,0.157117249919253,0.891695945155213,-0.890801794989644,-1.97462919209968,0.588565002386248,0.200450729718976,-1.20050395733212,-2.36208496572686,-0.841399381185635,0.060257514611085,-1.0250418281209,-0.10638323050126,0.120958173341821,-0.326096061968145,-0.545522089491719,0.0858308935379418,-0.783127304892077,-0.188846829455189,-0.713207732231904,0.0101852937765303,-0.0604909139909249,-0.010673714173540684
0.9880364304871827,1.86410727251664,0.378358759581691,0.350582878283072,3.87725442995839,-0.23170135625959,0.257431749279696,-0.421748265158058,0.021369718857499,-0.486168758846429,1.32762801967896,-1.13121974998554,0.614115405451211,1.58778583294992,-0.569484750869718,-0.750771637842061,1.12075871913123,-0.997484227046211,-0.152472287520882,-1.75610295075914,-0.185701988786574,0.191009052920953,0.742525785807657,0.170530633451303,0.0641701437152467,-0.187284004028245,0.0208412111240417,0.0263715625436458,-0.0274679427678292,-0.3291254704624419
-1.457069769774904,1.27849184389863,0.504609758952119,-0.113849721120277,1.10567065227775,0.0406655686241023,-1.19110561593238,0.552348926992163,-0.356159648465979,-0.280863744271142,0.0453040393764195,-0.363294812615008,0.223231278086376,0.0134004948348602,0.560212033285231,0.680477972030911,-0.216451828376838,-0.315305966669933,-0.370888449086765,-0.251081189892042,-0.155195418243864,0.0024530106050083,0.0673658412051848,-0.145543838023452,0.40137839757432,0.854101804658412,-0.296109363197667,-0.0077167507730938,0.0108390589433478,-0.3493332192312134
0.9565501280358336,2.03582976752761,-0.205935577022723,-1.20600616827341,0.23938920281869,-0.0412320038145999,-0.734119483946694,-0.0039333929876656,-0.0991244445264258,0.48734982759724,0.277051755891222,0.464594925219331,0.375911312088164,-1.17882294649872,0.695174988145569,-0.503471412001039,0.241757770628168,-0.585512950178155,-0.120415813341742,0.563445617190162,-0.275328026876029,-0.270918451104356,-0.74637316031459,0.300478708090917,-0.369108030885319,-0.327926599333027,0.202076784536549,-0.0834179122731032,-0.0754969437898867,-0.33543539991988436
-0.5792232330025429,1.03005605762514,-0.296110813806967,1.08188059574399,1.54504188655918,-0.539190905095225,1.1092472829536,-0.650066183133334,0.471228749702928,1.07205435594252,-0.242943530151324,0.230718738137971,1.35355008054757,-0.685432021150029,-0.483769858330709,-2.33498388510519,-0.833908804749548,0.427244941094684,-0.699805985295838,0.585557858780072,-0.181242367737352,-0.380673698995348,-0.707868430922442,0.0227580136512748,-0.310729620028553,0.420597990318752,-0.507127165763201,0.0815842711347298,0.017075029465842,-0.2495724357837999
0.5124563665046322,2.09930448004097,0.092309550031934,-2.5312416626125,0.0730617664763787,1.01730022477159,-1.16900835360213,0.959527934456725,-0.605858810943822,0.229496755326929,-0.0790122328662296,-1.45273276279128,0.384351906562237,0.810297996663449,0.664561618877763,0.418032717018412,-0.515270047624802,-0.708273747994795,-0.128711819850387,0.417120331041778,-0.097793545778625,0.143151220077933,0.521153922122627,-0.255243792509406,-0.952547912580403,0.735802603572508,-0.360809131674325,-0.0405032482979729,-0.0703985598306129,-0.15364553352571855
0.8659032746909464,1.79256293088197,0.214150184789732,-0.98797850549145,3.43375808619297,1.11745672133697,1.80929719417165,-0.253166093280934,0.51233919068873,-0.882753985808022,1.54603809640041,0.236093217085096,-0.20037077554514,-1.24750021906024,0.654490264546381,-0.604053835261099,0.273208812431149,-0.333914234719096,-0.695219494356299,-2.17459238630458,-0.428223674966388,0.366306885767846,1.17613102362758,-0.0007986157850807,-1.65086265568494,0.0137266351153421,0.359659262260942,0.0028298151519068,-0.0813900765511253,-0.3109145348131142
-0.3189083846422256,-0.151556037482699,0.774153339043255,0.683610496241155,-0.0898655498383447,0.0335098289053955,0.864726241379243,-1.08648617860566,-2.34618619110178,-0.595673156986349,-0.766604645374957,0.568989684999405,0.142536327939468,-1.49550684898581,1.17043381155998,0.665564144056723,0.675418522979699,-0.475932669352574,0.0316345367131347,-0.0671382831066466,0.51751950558428,-1.51172491687672,-0.472743442191007,-0.007197637834295,-0.866684358046746,0.624679570906679,0.215461928421217,0.0216178276737764,0.194898872303939,-0.3401878151441607
1.3425574533390614,0.13958767901888,1.05049117721227,-0.410121480093633,-0.559768911960008,0.993906250274282,-0.7325645074716,0.974560192505742,-0.100639830312446,-0.0946630882318756,-0.850531208080437,-0.615390679115205,0.0623120246880482,0.328977818491911,-1.07732050381263,-0.224585181084509,0.267334335256886,0.392286308233902,-0.333761689980232,-0.289906043328801,0.0323053084857137,-0.334776218318278,-0.791186579997523,0.0918178298036061,0.508416917571931,-0.421107564572344,0.118356211846444,0.227912433812958,0.0841437739216071,-0.3461782545024921
-0.42021214035526167,1.34624781280964,-1.2642045324945,0.86787896818456,-1.40833755756182,-1.741068124407,-0.127760852375904,-1.40332311988852,0.131832303750562,-1.853489729397,1.54362245536919,1.56262743384197,-0.143532396221044,0.302082128786482,-0.224889951925165,0.395716124173404,-0.295224564123677,0.485154824765774,0.310052698654574,-0.59519642911423,-0.302242638871845,0.046753773977929,0.479758033804568,0.0197567325475934,0.213395167824018,0.195214944504139,-0.105871031642378,0.0588650108346194,0.0200543644529726,-0.1975754221534827
0.08971853185347627,-1.82381925842864,1.39193826087045,-0.715613609005292,-0.332593002607714,0.14121695922037,-1.16608970665922,0.182862751398472,0.45480915252771,1.36477643173612,-0.381746049775272,-0.132764080758548,-1.61062338952763,2.69338738104132,1.75476760749541,-1.14656873433238,0.0642335579188442,0.549308110883917,-0.600553536714533,-0.293515391351365,-0.387247695507579,-0.483269407962548,-0.696369173680387,0.56487285716479,-0.215592396819203,-0.2360469081709,0.131014749028343,0.105779765813146,-0.02240009498523,-0.3071205898861709
0.6941081114162614,2.01834759945378,-1.33256127091993,0.325531256086304,-0.70938539430665,-2.04600577649411,-0.631495072199211,-1.61921385130195,0.225409965979507,0.466291227406397,0.921799391782746,1.02168964303573,-0.710137148868655,-2.01596965519866,-0.0549344863751577,-0.0073403054960812,1.65635431421962,0.0525720800363687,-0.395276879340315,0.417978289194327,-0.13976559022398,0.332616458710916,0.857076352553371,0.334819337717336,0.502942779848656,-0.632827692748822,-0.280118949627373,0.0207734368727822,-0.0409318359562194,-0.25604211029079793
-1.4046487618809858,1.26506853311805,-0.978775129069972,0.842613056202229,-0.633219649844026,-1.23287463137751,0.291088977863689,-1.1934787845783,0.181378114571115,-0.0372322376503876,0.449700771302606,-0.855947064677789,-0.666284141657111,0.113828969185201,-0.666640811630442,0.678379333507099,1.0636122914882,0.408078707455868,-1.26504795622353,0.290708924012554,0.137898636700343,0.32465593364576,0.938042280365798,-0.177069682498033,-0.402849593607674,0.432366539967323,0.0121275465596866,0.055828305808623,0.0241947919035196,-0.1336774023312803
0.7353456901451854,-1.68256944836531,1.98970686411204,-0.534826771952612,-0.882819922331582,0.0652741411856342,-1.11634319694649,0.908729303276078,-0.0266146699332424,0.965423512192618,1.3980329695663,-0.634836745263394,0.685705360781418,0.871162451116092,-0.428288618336582,-0.338828019298408,-0.299967440876216,-0.428003117643407,-1.03418670340207,-0.303084048525794,0.591400388934199,-0.463716937395289,-0.537915216708957,0.115064587335061,-0.0160767569919849,-0.258226026171271,0.0705455211569067,-0.0972802196271117,-0.356327564778604,-0.29745601438806285
-1.4481398753004076,-0.440964534069818,0.937249626678566,0.853107366079043,0.0854362264152246,-0.511313969044218,-0.79747374536212,0.300506573163979,0.429244837096183,-0.750099375698327,-0.44731243344743,1.17431927923061,0.57904652471894,-0.626453342159703,0.83895221125158,-0.0175518427610206,0.43133784245663,-0.364345169875195,0.1966009693396,0.173286046644693,-0.169200880670511,0.0138706711982641,-0.227037485591366,0.193724084900947,0.508148142394908,-0.527817497431811,0.0384070006247387,-0.124394552641236,-0.0328578164551135,-0.22145730706203084
-0.4282785308829317,-0.868098202316032,0.903618617898298,2.12128913884843,-0.559755541285284,0.222632584274832,-0.761752881919065,0.799421363946132,-0.0015742363633584,-0.988427425586846,-0.696245304545549,1.53830888060109,1.08361560981569,0.597597310180272,0.19797736201084,-0.320531029460144,0.561291140362319,-0.843590116041057,-0.0810839764662929,-0.403333251100875,0.0015350714421542,-0.122277401355403,-0.517356801699205,-0.146206009317373,0.533957196550268,0.192536707634428,-0.0223558664820713,-0.0186049579442591,0.0562495017177056,-0.3174241455825011
-1.948930042315911,-0.357832283145199,0.950996331283401,1.26976648663671,-0.401562171924453,0.299094267550881,-1.13956586493631,0.862820448534928,-0.168224478369068,-0.488103600835708,-0.947095403122836,-0.210507934411232,0.363954473387139,0.79653422027685,-0.591993771307864,0.265405523384701,0.691355355637597,-0.37501796651044,-0.318580546106911,-0.953234088536339,-0.0725263529472019,-0.184822895200597,-0.611492942668191,0.0258847873030039,0.340087490086645,-0.270330581312096,-0.119497206555763,0.0033829304486519,0.0561768313104378,-0.3174241455825011
-0.5079736268534366,1.25636474351202,-0.0265884985317929,-1.16664037167713,0.267884178759876,2.18290404918125,3.60814453079738,-0.434329363914947,0.848222824669581,0.172034166342704,-0.0199493352486187,-0.542282484240556,0.236277030914319,-0.222176754977172,0.192297331426902,-0.150705893569331,-0.100824147758619,-0.510725490284137,-0.0755902216272484,0.362420742065028,-0.0314502085677548,-0.181250966617531,-0.482713780776141,-0.129777682285428,1.01006176143377,0.891882588051923,-0.327012803672458,0.0246592414506079,0.0130846137491494,-0.30540333060344926
1.1494695463999522,2.17637439214349,-1.10543582529663,-0.861721652491929,-1.10035969617228,-0.746951436788849,0.0256340030617867,-1.134152599317,0.0820063041206365,0.0350701380870229,0.926567156382201,-0.138747123891071,-0.440017472850474,-0.281398003735566,-0.231372157391612,-0.389901915785546,1.6698708228478,-0.450137239066375,-0.251903256973724,1.11809702947807,-0.0114668272034747,0.305428207709674,0.896918100492121,-0.0022319783679895,-1.01469739778828,-0.0671826166674578,-0.0429352293153546,0.000126308056954,-0.0682772036712424,-0.2736540020042924
1.1756905808828482,2.28416903719626,-0.590734810000216,-1.73417405056201,-1.15833260448266,0.11674331940433,-0.584527459730381,-0.263633990664876,-0.386956525664767,-0.742329516511752,0.826014292182644,-0.988983884369017,-0.0308411623326771,1.96203696261164,-0.349225810782394,0.243220009631091,1.03529556275903,-0.221227580202703,-1.23885532785678,0.686433151678866,0.124652528748609,0.400441470931391,1.2208042807285,-0.083955939522684,0.189027924455621,0.370322117383986,0.0700754264076844,-0.0345092019278939,-0.061934421066604,-0.29342245188678634
0.7019217690814457,-0.811032655066892,-1.08738735899647,0.611278923331486,-1.85139432500941,-0.80971935169692,0.915022824289231,1.0371967269769,0.154106225962937,-1.09631598652795,-0.303201609166342,0.188678392629978,-0.387245477299079,-0.239342317843426,-0.343016708157883,-1.37377993225507,1.23748884645622,-0.0675354921245372,-0.921187999661711,1.20057479188351,0.852531275254009,0.100718440317408,-0.4277462127173,0.846376231687493,0.136074718500811,-0.414954110875639,-0.629402802173496,0.0234475177293098,0.179609367722261,1.0561037267581286
-1.327186139529105,-0.310614801438308,-0.309467233080843,1.76067664654193,-1.39745329528975,-1.21781690851469,0.482704575944579,0.209599652237565,-0.0588639394983504,-0.943693508783516,0.592211309386052,1.43332785004194,-0.454003899701819,-0.175997918469724,-0.488648329987383,0.438309942574889,1.23320508362486,-0.0516193041774347,-0.593515376936758,0.284587374568171,0.156635177587777,0.559469211377898,1.70328700195362,-0.0188282398244189,0.05053382306909,-0.807313784715499,-0.225707549636905,-0.0237019957295317,-0.0721923943782854,0.24551740905110206
0.9050136851606155,-4.20960230726703,-1.8940386101582,-0.537346329422161,-0.839445316879688,1.64491284394891,0.427553996363068,0.136004654188154,-3.34234756971008,0.0451420774006477,2.09245851020044,0.279875131439315,0.706257447281021,1.72121590097695,-1.06024082259825,-0.250633314316868,-1.39039057567828,-1.00588344134383,1.78358166614687,0.683942142711993,-3.57589464065041,0.896013905866186,-0.164560938951904,1.99968014632871,-0.0891195043955868,0.396710791694525,-0.187748180671736,0.588600120265402,-1.53570456276813,-0.04182399883686434
1.0339285061002192,1.98032825161594,0.104426878320297,-0.923277367205623,1.35365200439597,0.0479176841969608,-0.22305680482265,-0.382536026429638,0.0344607548813958,0.965143180004355,-0.341841381172343,-1.230246955985,-0.197528875235333,-0.139918736486286,-1.24430292496242,0.691844758262245,0.941344148549892,0.0859917405093671,0.593267420211529,-0.425595916310287,-0.217606918830512,-0.283404577304589,-0.677841334995227,0.263566794241694,-0.961967846903188,-0.298112687750594,-0.88823143857261,0.0731202695934618,-0.0056309509693487,-0.3217771981828886
1.2109257541277358,2.29026681176033,-1.43978437849672,-0.861130093438868,-1.62022005331566,-1.19698457356405,-0.317904327407921,-1.28153962039596,-0.116508939694507,-1.0448702429863,1.53943480525834,-1.29359733791963,-0.836140847413191,0.665767392078967,-0.602153071507368,-0.0193459698029372,-0.33034744614,0.300252852762306,0.129207005401134,-0.0965000813768385,-0.369165874399884,-0.162262211909328,0.0144111856081808,0.247444951076181,0.456279748525124,-0.222886919437224,-0.194800267229695,0.0203090580271781,-0.0384253194483821,-0.25109001375457723
1.2024381421625896,1.83961612325858,-0.66197134337354,-0.69097449709589,0.0195987452664931,0.327898028585892,1.94597604082566,-1.04499494023164,0.681329947004774,1.27393969313679,-0.136139629229438,0.872793452540195,1.04894053599393,-0.263977731114202,0.112151198353081,0.710959490448916,-0.478801014491559,-0.045119094987836,-0.510515204816914,-0.889752988185975,-0.287635047869694,0.290283767982681,1.11820262852188,0.176226042907445,-0.800577126040139,-0.284602010924601,-0.136298978958102,0.0834143899297504,-0.0565940468148922,-0.31343051934361343
-0.24237244945279252,1.43033545966121,-0.360724072645702,-0.340989666969931,-0.861242934826692,-0.400102198790523,-0.857699800876748,-0.146460140092953,-0.230865867260345,-1.36562275930379,0.859233944669207,1.10256581774191,-0.127296199201611,-0.0335762126190889,0.315526701042455,-0.234187959454592,1.04199175839561,0.0247561772533154,-0.963209675765784,1.07040193971,0.0827748938669846,0.215955579361745,0.513711694117847,-0.22348016210103,-0.0016433639613906,0.809340416779871,-0.0786660118765124,-0.0343605271940506,-0.0121120760900432,-0.29342245188678634
-1.09439811210786,1.19400589553677,0.632527556288535,-0.385968551840468,1.30753425898984,0.216441475341554,-0.788688167427222,0.192540649058114,-0.0719062313638856,-0.0014426323439057,-0.707610956329705,0.240709571495094,-0.357860014696233,-0.694995301932647,-1.18536375782545,1.40888292834091,0.332760650745171,1.20797933322457,0.21911530143601,-0.979695125908328,-0.169223424620626,-0.0471840379299922,-0.0580403712209027,-0.0866748658244575,-0.0761637846430524,0.597468719160407,-0.295628372699499,0.0477064736833858,0.0527674648125779,-0.3493332192312134
-0.3705922550205604,-0.990193376843963,1.0573365136859,1.46033563100087,-1.30591134043377,-0.518996850977868,-0.907486261769106,0.197053239086241,0.486446645551924,-0.525643523707147,-0.796033529828752,1.32478486554748,1.10948802505836,0.382289712207991,0.384349349842112,-0.296908823556686,0.836893433136581,-0.707651130425897,0.0631557084116136,-0.481045779836378,-0.051674233341647,0.0280888499194702,-0.010496905995234,-0.0173615974644451,0.580972986231713,-0.362455071704686,0.689988912844525,0.133356432266071,0.104484232442773,-0.34717666106221406
-1.2966686463839512,-3.51804712532926,1.40148238794047,-0.450087429918104,-0.316498566542621,-0.348622944759667,5.02668714521733,-2.54071345036352,1.91846125668953,0.439658087383627,1.61563259938242,-1.7712946153052,0.512724399444682,0.205499426225624,-0.565671583944596,-1.20194523535366,-1.95150156117035,1.0189789897664,1.76117103337673,0.8005205729764,0.0724424671510182,0.117376696208088,-1.09036631546115,-0.12892539953958,0.982233315994336,0.821737416584643,-0.0284174909119315,0.73861034989201,0.425303509702643,-0.15364553352571855
0.5213020166916333,2.08569699193439,-0.149217316194663,-1.99952779756213,0.262363870718382,0.585646939206058,-0.649991527919593,0.392126954147602,-0.268766378869754,0.533876506128412,0.112541543150041,-1.42250387943565,-0.311632264012152,-0.934521249225089,0.561013576027406,-0.219393706488612,-0.420208608207772,-0.154494295681298,-0.634067752472477,0.313175448084458,-0.219133403830145,-0.0645919631446298,-0.0874237235238062,0.0568698256535215,0.304108858537197,0.20656475540127,0.559408801691568,-0.108653442784405,-0.0736199043704385,-0.2576794970487418
-0.32356288152633805,1.18913410284509,-0.440600689351721,1.00318894936114,-0.786979150283739,-1.30896076895336,-0.632100436278737,-0.715019880070111,0.137523476784353,1.6455727460764,-0.89230087575451,1.3321340311711,1.15342295446575,-0.807347887530787,0.188589266170246,0.627694911749977,-0.275133350048104,-0.284714046659983,0.695947573270792,0.77318451355477,-0.162651389543307,0.0453094662482708,0.311337530735305,-0.0152050080328339,0.541901107066138,0.421070257263914,-0.714490535873696,0.0858738159752285,0.0257935191845516,-0.3493332192312134
-1.1951332188803032,-0.415478055056834,0.22049138149123,3.07730628548806,1.64034295968138,-0.968943422421363,1.32632835747684,0.651234795142954,-0.321311352423276,1.48237345951234,0.194914265921695,-0.822540520465596,-0.0356373827621871,-1.04071514141839,-1.53737198863286,-0.982834316242755,-1.69476632398841,0.830619783361418,-0.695282668168899,0.944445155768575,0.0439888608804594,-0.180082269502924,0.511208690178761,-0.169602218692407,0.436634816208753,-0.523052462078237,-0.348325400913378,-0.433666797918781,-0.545282500439622,0.10330437868431287
-0.40957629905898657,-1.1427864644524,0.837850372407776,2.35249039387861,1.14978885557237,-1.3111293403157,-0.0183688622007817,0.227167572351268,0.48945253391847,-0.421566673554857,-0.888710819713608,-0.472040281714281,0.604968916436801,0.808124899723121,-0.0942914416832077,0.718262590478922,-0.0914322666918087,0.135460343437189,0.225931399960018,0.367227565547056,0.246266219062969,0.193753527055983,0.369902895132578,0.0902531109895751,0.7291208430411,0.272367055081482,-0.290916912661564,-0.0348752162593811,0.0444766426041222,0.16217042944551688
-1.2486283414397858,-1.72523886301339,-4.5139479456254,-1.53508697980081,2.54466177200258,-1.47134061629935,0.155921188094373,2.24441712136414,-0.489651887705798,-0.127891163606704,-0.753057286594942,-0.398237205627963,0.458947531794065,0.119440743145762,0.620337037035231,0.432008411560623,-0.469275662825341,0.210977289962305,-0.577436369736947,-0.970956899917684,2.88132955159772,0.908957151640973,-0.623274951158674,-1.45033156083159,0.180320815093632,0.211245727064754,-0.392821346044713,-0.260145443841806,0.273814349999968,5.7010105326835765
-0.6053389621260699,1.35975316572958,-0.472710011214947,0.193077706033019,-0.62783997940016,-0.915507139170871,-1.14921923617175,-0.282355414471024,-0.328892433062013,-0.984319486146286,0.624883470278277,-0.158814374034811,-0.328717075799653,0.717025239343342,-0.171018925308229,0.599449755913956,0.968709434268116,0.261351931668816,-1.44918761381088,0.504129488017699,0.174213108897033,0.239493013998021,0.576983454614681,-0.150615675054569,0.450068385923636,0.637305052375631,-0.122492680050061,-0.0089193637329601,0.0178289232244337,-0.1702190824171023
